<?xml version="1.0" encoding="UTF-8"?><InteractionHistory Id="https://github.com/tiagoferezin/faculdadeCodigos-1" Version="1"><InteractionEvent Delta="null" EndDate="2015-05-22 02:00:35.621 BRT" Interest="184.782" Kind="propagation" Navigation="org.eclipse.mylyn.core.model.edges.containment" OriginId="org.eclipse.mylyn.core.model.interest.propagation" StartDate="2015-05-22 01:22:16.845 BRT" StructureHandle="" StructureKind="java" NumEvents="198" CreationCount="1"/><InteractionEvent Delta="null" EndDate="2015-05-22 02:00:35.621 BRT" Interest="25.017" Kind="propagation" Navigation="null" OriginId="org.eclipse.jdt.ui.CompilationUnitEditor" StartDate="2015-05-22 01:31:24.783 BRT" StructureHandle="/Proj4-1sem2015/src/br/com/cuml/dao" StructureKind="resource" NumEvents="26" CreationCount="78"/><InteractionEvent Delta="null" EndDate="2015-05-22 01:31:18.289 BRT" Interest="3.7" Kind="propagation" Navigation="org.eclipse.mylyn.core.model.edges.containment" OriginId="org.eclipse.mylyn.core.model.interest.propagation" StartDate="2015-05-22 01:31:07.351 BRT" StructureHandle="/Proj4-1sem2015/WebContent/WEB-INF/jsp/regions" StructureKind="resource" NumEvents="4" CreationCount="72"/><InteractionEvent Delta="null" EndDate="2015-05-22 02:01:09.409 BRT" Interest="285.0" Kind="propagation" Navigation="null" OriginId="org.eclipse.jst.jsp.core.jspsource.source" StartDate="2015-05-22 01:22:16.845 BRT" StructureHandle="/Proj4-1sem2015" StructureKind="resource" NumEvents="285" CreationCount="1"/><InteractionEvent Delta="null" EndDate="2015-05-22 01:52:20.284 BRT" Interest="2.0" Kind="selection" Navigation="null" OriginId="org.eclipse.jdt.ui.CompilationUnitEditor" StartDate="2015-05-22 01:37:31.530 BRT" StructureHandle="=Proj4-1sem2015/src&amp;lt;br.com.cuml.bean{Employees.java" StructureKind="java" NumEvents="2" CreationCount="114"/><InteractionEvent Delta="null" EndDate="2015-05-22 01:52:20.284 BRT" Interest="0.8360001" Kind="manipulation" Navigation="null" OriginId="org.eclipse.mylyn.core.model.interest.decay.correction" StartDate="2015-05-22 01:52:20.284 BRT" StructureHandle="=Proj4-1sem2015/src&amp;lt;br.com.cuml.bean{Employees.java" StructureKind="java"/><InteractionEvent Delta="null" EndDate="2015-05-22 02:00:19.61 BRT" Interest="17.0" Kind="selection" Navigation="null" OriginId="org.eclipse.jdt.ui.CompilationUnitEditor" StartDate="2015-05-22 01:25:26.109 BRT" StructureHandle="=Proj4-1sem2015/src&amp;lt;br.com.cuml.servlet{EmployeesServlet.java" StructureKind="java" NumEvents="17" CreationCount="47"/><InteractionEvent Delta="null" EndDate="2015-05-22 01:59:05.818 BRT" Interest="82.685" Kind="propagation" Navigation="org.eclipse.mylyn.core.model.edges.containment" OriginId="org.eclipse.mylyn.core.model.interest.propagation" StartDate="2015-05-22 01:28:13.400 BRT" StructureHandle="=Proj4-1sem2015/src&amp;lt;br.com.cuml.servlet{EmployeesServlet.java" StructureKind="java" NumEvents="122" CreationCount="47"/><InteractionEvent Delta="null" EndDate="2015-05-22 01:58:31.990 BRT" Interest="1.0" Kind="selection" Navigation="null" OriginId="org.eclipse.ui.navigator.ProjectExplorer" StartDate="2015-05-22 01:58:31.990 BRT" StructureHandle="/Proj4-1sem2015/WebContent/WEB-INF" StructureKind="resource"/><InteractionEvent Delta="null" EndDate="2015-05-22 02:01:09.409 BRT" Interest="36.5" Kind="propagation" Navigation="org.eclipse.mylyn.core.model.edges.containment" OriginId="org.eclipse.mylyn.core.model.interest.propagation" StartDate="2015-05-22 01:22:16.845 BRT" StructureHandle="/Proj4-1sem2015/WebContent/WEB-INF" StructureKind="resource" NumEvents="53" CreationCount="1"/><InteractionEvent Delta="null" EndDate="2015-05-22 02:00:19.77 BRT" Interest="156.0" Kind="propagation" Navigation="org.eclipse.mylyn.core.model.edges.containment" OriginId="org.eclipse.mylyn.core.model.interest.propagation" StartDate="2015-05-22 01:25:26.109 BRT" StructureHandle="/Proj4-1sem2015/src/br/com" StructureKind="resource" NumEvents="156" CreationCount="47"/><InteractionEvent Delta="null" EndDate="2015-05-22 01:52:20.284 BRT" Interest="2.836" Kind="propagation" Navigation="org.eclipse.mylyn.core.model.edges.containment" OriginId="org.eclipse.mylyn.core.model.interest.propagation" StartDate="2015-05-22 01:37:31.530 BRT" StructureHandle="=Proj4-1sem2015/src&amp;lt;br.com.cuml.bean" StructureKind="java" NumEvents="2" CreationCount="114"/><InteractionEvent Delta="null" EndDate="2015-05-22 02:00:19.77 BRT" Interest="156.0" Kind="propagation" Navigation="org.eclipse.mylyn.core.model.edges.containment" OriginId="org.eclipse.mylyn.core.model.interest.propagation" StartDate="2015-05-22 01:25:26.109 BRT" StructureHandle="/Proj4-1sem2015/src/br/com/cuml" StructureKind="resource" NumEvents="156" CreationCount="47"/><InteractionEvent Delta="null" EndDate="2015-05-22 01:58:49.945 BRT" Interest="1.0" Kind="selection" Navigation="null" OriginId="org.eclipse.jdt.ui.PropertiesFileEditor" StartDate="2015-05-22 01:58:49.945 BRT" StructureHandle="/Proj4-1sem2015/WebContent/META-INF/messages.properties" StructureKind="resource"/><InteractionEvent Delta="null" EndDate="2015-05-22 01:58:49.867 BRT" Interest="1.0" Kind="propagation" Navigation="null" OriginId="org.eclipse.mylyn.resources.ui.interest.updater" StartDate="2015-05-22 01:58:49.867 BRT" StructureHandle="/Proj4-1sem2015/WebContent/META-INF/messages.properties" StructureKind="resource"/><InteractionEvent Delta="null" EndDate="2015-05-22 01:59:02.683 BRT" Interest="7.0" Kind="edit" Navigation="null" OriginId="org.eclipse.jdt.ui.PropertiesFileEditor" StartDate="2015-05-22 01:58:49.961 BRT" StructureHandle="/Proj4-1sem2015/WebContent/META-INF/messages.properties" StructureKind="resource" NumEvents="7" CreationCount="267"/><InteractionEvent Delta="null" EndDate="2015-05-22 01:57:16.0 BRT" Interest="5.0" Kind="selection" Navigation="null" OriginId="org.eclipse.ui.navigator.ProjectExplorer" StartDate="2015-05-22 01:45:38.952 BRT" StructureHandle="/Proj4-1sem2015/WebContent/WEB-INF/jsp/employees/novo.jsp" StructureKind="resource" NumEvents="5" CreationCount="203"/><InteractionEvent Delta="null" EndDate="2015-05-22 01:53:51.808 BRT" Interest="2.0" Kind="edit" Navigation="null" OriginId="org.eclipse.jst.jsp.core.jspsource.source" StartDate="2015-05-22 01:45:39.108 BRT" StructureHandle="/Proj4-1sem2015/WebContent/WEB-INF/jsp/employees/novo.jsp" StructureKind="resource" NumEvents="2" CreationCount="203"/><InteractionEvent Delta="null" EndDate="2015-05-22 02:00:19.77 BRT" Interest="155.0" Kind="propagation" Navigation="null" OriginId="org.eclipse.jdt.ui.CompilationUnitEditor" StartDate="2015-05-22 01:25:26.109 BRT" StructureHandle="/Proj4-1sem2015/src/br/com/cuml/servlet/EmployeesServlet.java" StructureKind="resource" NumEvents="155" CreationCount="47"/><InteractionEvent Delta="null" EndDate="2015-05-22 01:31:24.783 BRT" Interest="1.0" Kind="selection" Navigation="null" OriginId="org.eclipse.ui.navigator.ProjectExplorer" StartDate="2015-05-22 01:31:24.783 BRT" StructureHandle="=Proj4-1sem2015/src&amp;lt;br.com.cuml.dao" StructureKind="java"/><InteractionEvent Delta="null" EndDate="2015-05-22 02:00:35.621 BRT" Interest="10.051001" Kind="propagation" Navigation="org.eclipse.mylyn.core.model.edges.containment" OriginId="org.eclipse.mylyn.core.model.interest.propagation" StartDate="2015-05-22 01:31:31.305 BRT" StructureHandle="=Proj4-1sem2015/src&amp;lt;br.com.cuml.dao" StructureKind="java" NumEvents="13" CreationCount="78"/><InteractionEvent Delta="null" EndDate="2015-05-22 01:24:28.789 BRT" Interest="1.0" Kind="selection" Navigation="null" OriginId="org.eclipse.ui.navigator.ProjectExplorer" StartDate="2015-05-22 01:24:28.789 BRT" StructureHandle="=Proj4-1sem2015" StructureKind="java"/><InteractionEvent Delta="null" EndDate="2015-05-22 02:00:35.621 BRT" Interest="183.782" Kind="propagation" Navigation="org.eclipse.mylyn.core.model.edges.containment" OriginId="org.eclipse.mylyn.core.model.interest.propagation" StartDate="2015-05-22 01:22:16.845 BRT" StructureHandle="=Proj4-1sem2015" StructureKind="resource" NumEvents="197" CreationCount="1"/><InteractionEvent Delta="null" EndDate="2015-05-22 02:00:35.621 BRT" Interest="10.2" Kind="propagation" Navigation="org.eclipse.mylyn.core.model.edges.containment" OriginId="org.eclipse.mylyn.core.model.interest.propagation" StartDate="2015-05-22 01:37:07.954 BRT" StructureHandle="=Proj4-1sem2015/src&amp;lt;br.com.cuml.dao{EmployeesDao.java[EmployeesDao" StructureKind="java" NumEvents="12" CreationCount="113"/><InteractionEvent Delta="null" EndDate="2015-05-22 02:00:35.621 BRT" Interest="23.0" Kind="propagation" Navigation="null" OriginId="org.eclipse.jdt.ui.CompilationUnitEditor" StartDate="2015-05-22 01:31:45.66 BRT" StructureHandle="/Proj4-1sem2015/src/br/com/cuml/dao/EmployeesDao.java" StructureKind="resource" NumEvents="23" CreationCount="81"/><InteractionEvent Delta="null" EndDate="2015-05-22 01:31:20.366 BRT" Interest="1.0" Kind="selection" Navigation="null" OriginId="org.eclipse.ui.navigator.ProjectExplorer" StartDate="2015-05-22 01:31:20.366 BRT" StructureHandle="=Proj4-1sem2015/src" StructureKind="java"/><InteractionEvent Delta="null" EndDate="2015-05-22 02:00:19.61 BRT" Interest="98.685" Kind="propagation" Navigation="org.eclipse.mylyn.core.model.edges.containment" OriginId="org.eclipse.mylyn.core.model.interest.propagation" StartDate="2015-05-22 01:25:26.109 BRT" StructureHandle="=Proj4-1sem2015/src" StructureKind="java" NumEvents="139" CreationCount="47"/><InteractionEvent Delta="null" EndDate="2015-05-22 02:01:09.409 BRT" Interest="37.5" Kind="propagation" Navigation="org.eclipse.mylyn.core.model.edges.containment" OriginId="org.eclipse.mylyn.core.model.interest.propagation" StartDate="2015-05-22 01:22:16.845 BRT" StructureHandle="/Proj4-1sem2015/WebContent" StructureKind="resource" NumEvents="54" CreationCount="1"/><InteractionEvent Delta="null" EndDate="2015-05-22 01:52:20.284 BRT" Interest="0.85300004" Kind="manipulation" Navigation="null" OriginId="org.eclipse.mylyn.core.model.interest.decay.correction" StartDate="2015-05-22 01:52:20.284 BRT" StructureHandle="/Proj4-1sem2015/src/br/com/cuml/bean/Employees.java" StructureKind="resource"/><InteractionEvent Delta="null" EndDate="2015-05-22 01:52:20.284 BRT" Interest="2.0" Kind="propagation" Navigation="null" OriginId="org.eclipse.jdt.ui.CompilationUnitEditor" StartDate="2015-05-22 01:37:31.530 BRT" StructureHandle="/Proj4-1sem2015/src/br/com/cuml/bean/Employees.java" StructureKind="resource" NumEvents="2" CreationCount="114"/><InteractionEvent Delta="null" EndDate="2015-05-22 01:31:31.446 BRT" Interest="2.0" Kind="propagation" Navigation="null" OriginId="org.eclipse.jdt.ui.CompilationUnitEditor" StartDate="2015-05-22 01:31:31.305 BRT" StructureHandle="/Proj4-1sem2015/src/br/com/cuml/dao/RegionsDao.java" StructureKind="resource" NumEvents="2" CreationCount="79"/><InteractionEvent Delta="null" EndDate="2015-05-22 01:44:44.73 BRT" Interest="10.0" Kind="selection" Navigation="null" OriginId="org.eclipse.jst.jsp.core.jspsource.source" StartDate="2015-05-22 01:22:23.882 BRT" StructureHandle="/Proj4-1sem2015/WebContent/WEB-INF/jsp/employees/listar.jsp" StructureKind="resource" NumEvents="10" CreationCount="3"/><InteractionEvent Delta="null" EndDate="2015-05-22 01:44:44.73 BRT" Interest="12.0" Kind="edit" Navigation="null" OriginId="org.eclipse.jst.jsp.core.jspsource.source" StartDate="2015-05-22 01:22:23.851 BRT" StructureHandle="/Proj4-1sem2015/WebContent/WEB-INF/jsp/employees/listar.jsp" StructureKind="resource" NumEvents="12" CreationCount="3"/><InteractionEvent Delta="null" EndDate="2015-05-22 01:58:34.486 BRT" Interest="2.0" Kind="selection" Navigation="null" OriginId="org.eclipse.ui.navigator.ProjectExplorer" StartDate="2015-05-22 01:57:17.763 BRT" StructureHandle="/Proj4-1sem2015/WebContent/META-INF" StructureKind="resource" NumEvents="2" CreationCount="265"/><InteractionEvent Delta="null" EndDate="2015-05-22 01:59:02.683 BRT" Interest="4.934" Kind="propagation" Navigation="org.eclipse.mylyn.core.model.edges.containment" OriginId="org.eclipse.mylyn.core.model.interest.propagation" StartDate="2015-05-22 01:58:49.945 BRT" StructureHandle="/Proj4-1sem2015/WebContent/META-INF" StructureKind="resource" NumEvents="8" CreationCount="265"/><InteractionEvent Delta="null" EndDate="2015-05-22 01:52:45.2 BRT" Interest="1.0" Kind="propagation" Navigation="org.eclipse.mylyn.core.model.edges.containment" OriginId="org.eclipse.mylyn.core.model.interest.propagation" StartDate="2015-05-22 01:52:45.2 BRT" StructureHandle="=Proj4-1sem2015/C:\/Program Files\/Apache Software Foundation\/Apache Tomcat 7.0.41\/lib\/servlet-api.jar" StructureKind="java"/><InteractionEvent Delta="null" EndDate="2015-05-22 02:00:19.77 BRT" Interest="99.0" Kind="propagation" Navigation="org.eclipse.mylyn.core.model.edges.containment" OriginId="org.eclipse.mylyn.core.model.interest.propagation" StartDate="2015-05-22 01:28:06.597 BRT" StructureHandle="=Proj4-1sem2015/src&amp;lt;br.com.cuml.servlet{EmployeesServlet.java[EmployeesServlet" StructureKind="java" NumEvents="138" CreationCount="52"/><InteractionEvent Delta="null" EndDate="2015-05-22 01:52:45.2 BRT" Interest="1.0" Kind="propagation" Navigation="org.eclipse.mylyn.core.model.edges.containment" OriginId="org.eclipse.mylyn.core.model.interest.propagation" StartDate="2015-05-22 01:52:45.2 BRT" StructureHandle="=Proj4-1sem2015/C:\/Program Files\/Apache Software Foundation\/Apache Tomcat 7.0.41\/lib\/servlet-api.jar&amp;lt;javax.servlet.http" StructureKind="java"/><InteractionEvent Delta="null" EndDate="2015-05-22 01:24:34.282 BRT" Interest="1.0" Kind="selection" Navigation="null" OriginId="org.eclipse.ui.navigator.ProjectExplorer" StartDate="2015-05-22 01:24:34.282 BRT" StructureHandle="/Proj4-1sem2015/WebContent/WEB-INF/jsp/employees" StructureKind="resource"/><InteractionEvent Delta="null" EndDate="2015-05-22 02:01:09.409 BRT" Interest="36.5" Kind="propagation" Navigation="org.eclipse.mylyn.core.model.edges.containment" OriginId="org.eclipse.mylyn.core.model.interest.propagation" StartDate="2015-05-22 01:22:16.830 BRT" StructureHandle="/Proj4-1sem2015/WebContent/WEB-INF/jsp/employees" StructureKind="resource" NumEvents="52" CreationCount="1"/><InteractionEvent Delta="null" EndDate="2015-05-22 01:31:22.347 BRT" Interest="1.0" Kind="selection" Navigation="null" OriginId="org.eclipse.ui.navigator.ProjectExplorer" StartDate="2015-05-22 01:31:22.347 BRT" StructureHandle="=Proj4-1sem2015/src&amp;lt;br.com.cuml.servlet" StructureKind="java"/><InteractionEvent Delta="null" EndDate="2015-05-22 02:00:19.61 BRT" Interest="98.685" Kind="propagation" Navigation="org.eclipse.mylyn.core.model.edges.containment" OriginId="org.eclipse.mylyn.core.model.interest.propagation" StartDate="2015-05-22 01:25:26.109 BRT" StructureHandle="=Proj4-1sem2015/src&amp;lt;br.com.cuml.servlet" StructureKind="java" NumEvents="139" CreationCount="47"/><InteractionEvent Delta="null" EndDate="2015-05-22 01:24:33.219 BRT" Interest="1.0" Kind="selection" Navigation="null" OriginId="org.eclipse.ui.navigator.ProjectExplorer" StartDate="2015-05-22 01:24:33.219 BRT" StructureHandle="/Proj4-1sem2015/WebContent/WEB-INF/jsp" StructureKind="resource"/><InteractionEvent Delta="null" EndDate="2015-05-22 02:01:09.409 BRT" Interest="36.5" Kind="propagation" Navigation="org.eclipse.mylyn.core.model.edges.containment" OriginId="org.eclipse.mylyn.core.model.interest.propagation" StartDate="2015-05-22 01:22:16.830 BRT" StructureHandle="/Proj4-1sem2015/WebContent/WEB-INF/jsp" StructureKind="resource" NumEvents="52" CreationCount="1"/><InteractionEvent Delta="null" EndDate="2015-05-22 02:00:35.621 BRT" Interest="6.0" Kind="selection" Navigation="null" OriginId="org.eclipse.jdt.ui.CompilationUnitEditor" StartDate="2015-05-22 01:37:07.954 BRT" StructureHandle="=Proj4-1sem2015/src&amp;lt;br.com.cuml.dao{EmployeesDao.java[EmployeesDao~alterar~QObject;" StructureKind="java" NumEvents="6" CreationCount="113"/><InteractionEvent Delta="null" EndDate="2015-05-22 01:48:24.340 BRT" Interest="6.0" Kind="edit" Navigation="null" OriginId="org.eclipse.jdt.ui.CompilationUnitEditor" StartDate="2015-05-22 01:37:47.149 BRT" StructureHandle="=Proj4-1sem2015/src&amp;lt;br.com.cuml.dao{EmployeesDao.java[EmployeesDao~alterar~QObject;" StructureKind="java" NumEvents="6" CreationCount="113"/><InteractionEvent Delta="null" EndDate="2015-05-22 01:52:20.284 BRT" Interest="2.8530002" Kind="propagation" Navigation="org.eclipse.mylyn.core.model.edges.containment" OriginId="org.eclipse.mylyn.core.model.interest.propagation" StartDate="2015-05-22 01:37:31.530 BRT" StructureHandle="/Proj4-1sem2015/src/br/com/cuml/bean" StructureKind="resource" NumEvents="2" CreationCount="114"/><InteractionEvent Delta="null" EndDate="2015-05-22 01:52:45.2 BRT" Interest="1.0" Kind="selection" Navigation="null" OriginId="org.eclipse.jdt.ui.ClassFileEditor" StartDate="2015-05-22 01:52:45.2 BRT" StructureHandle="=Proj4-1sem2015/C:\/Program Files\/Apache Software Foundation\/Apache Tomcat 7.0.41\/lib\/servlet-api.jar&amp;lt;javax.servlet.http(HttpServlet.class" StructureKind="java"/><InteractionEvent Delta="null" EndDate="2015-05-22 01:31:31.446 BRT" Interest="2.0" Kind="selection" Navigation="null" OriginId="org.eclipse.jdt.ui.CompilationUnitEditor" StartDate="2015-05-22 01:31:31.305 BRT" StructureHandle="=Proj4-1sem2015/src&amp;lt;br.com.cuml.dao{RegionsDao.java" StructureKind="java" NumEvents="2" CreationCount="79"/><InteractionEvent Delta="null" EndDate="2015-05-22 02:01:09.409 BRT" Interest="285.0" Kind="propagation" Navigation="org.eclipse.mylyn.core.model.edges.containment" OriginId="org.eclipse.mylyn.core.model.interest.propagation" StartDate="2015-05-22 01:22:16.845 BRT" StructureHandle="/" StructureKind="resource" NumEvents="285" CreationCount="1"/><InteractionEvent Delta="null" EndDate="2015-05-22 01:54:39.227 BRT" Interest="8.0" Kind="selection" Navigation="null" OriginId="org.eclipse.jdt.ui.CompilationUnitEditor" StartDate="2015-05-22 01:28:06.597 BRT" StructureHandle="=Proj4-1sem2015/src&amp;lt;br.com.cuml.servlet{EmployeesServlet.java[EmployeesServlet~doPost~QHttpServletRequest;~QHttpServletResponse;" StructureKind="java" NumEvents="8" CreationCount="52"/><InteractionEvent Delta="null" EndDate="2015-05-22 02:00:19.77 BRT" Interest="130.0" Kind="edit" Navigation="null" OriginId="org.eclipse.jdt.ui.CompilationUnitEditor" StartDate="2015-05-22 01:28:10.452 BRT" StructureHandle="=Proj4-1sem2015/src&amp;lt;br.com.cuml.servlet{EmployeesServlet.java[EmployeesServlet~doPost~QHttpServletRequest;~QHttpServletResponse;" StructureKind="java" NumEvents="130" CreationCount="52"/><InteractionEvent Delta="null" EndDate="2015-05-22 02:00:19.77 BRT" Interest="156.0" Kind="propagation" Navigation="org.eclipse.mylyn.core.model.edges.containment" OriginId="org.eclipse.mylyn.core.model.interest.propagation" StartDate="2015-05-22 01:25:26.109 BRT" StructureHandle="/Proj4-1sem2015/src/br" StructureKind="resource" NumEvents="156" CreationCount="47"/><InteractionEvent Delta="null" EndDate="2015-05-22 02:00:35.621 BRT" Interest="185.0" Kind="propagation" Navigation="null" OriginId="org.eclipse.jdt.ui.CompilationUnitEditor" StartDate="2015-05-22 01:25:26.109 BRT" StructureHandle="/Proj4-1sem2015/src" StructureKind="resource" NumEvents="185" CreationCount="47"/><InteractionEvent Delta="null" EndDate="2015-05-22 01:31:18.289 BRT" Interest="3.0" Kind="selection" Navigation="null" OriginId="org.eclipse.ui.navigator.ProjectExplorer" StartDate="2015-05-22 01:31:07.351 BRT" StructureHandle="/Proj4-1sem2015/WebContent/WEB-INF/jsp/regions/editar.jsp" StructureKind="resource" NumEvents="3" CreationCount="72"/><InteractionEvent Delta="null" EndDate="2015-05-22 01:31:07.507 BRT" Interest="1.0" Kind="edit" Navigation="null" OriginId="org.eclipse.jst.jsp.core.jspsource.source" StartDate="2015-05-22 01:31:07.507 BRT" StructureHandle="/Proj4-1sem2015/WebContent/WEB-INF/jsp/regions/editar.jsp" StructureKind="resource"/><InteractionEvent Delta="null" EndDate="2015-05-22 02:00:19.77 BRT" Interest="156.0" Kind="propagation" Navigation="null" OriginId="org.eclipse.jdt.ui.CompilationUnitEditor" StartDate="2015-05-22 01:25:26.109 BRT" StructureHandle="/Proj4-1sem2015/src/br/com/cuml/servlet" StructureKind="resource" NumEvents="156" CreationCount="47"/><InteractionEvent Delta="null" EndDate="2015-05-22 02:00:35.621 BRT" Interest="11.0" Kind="selection" Navigation="null" OriginId="org.eclipse.jdt.ui.CompilationUnitEditor" StartDate="2015-05-22 01:31:45.66 BRT" StructureHandle="=Proj4-1sem2015/src&amp;lt;br.com.cuml.dao{EmployeesDao.java" StructureKind="java" NumEvents="11" CreationCount="81"/><InteractionEvent Delta="null" EndDate="2015-05-22 02:01:09.409 BRT" Interest="6.0" Kind="selection" Navigation="null" OriginId="org.eclipse.jst.jsp.core.jspsource.source" StartDate="2015-05-22 01:22:16.830 BRT" StructureHandle="/Proj4-1sem2015/WebContent/WEB-INF/jsp/employees/editar.jsp" StructureKind="resource" NumEvents="6" CreationCount="1"/><InteractionEvent Delta="null" EndDate="2015-05-22 02:01:09.409 BRT" Interest="45.0" Kind="edit" Navigation="null" OriginId="org.eclipse.jst.jsp.core.jspsource.source" StartDate="2015-05-22 01:22:16.876 BRT" StructureHandle="/Proj4-1sem2015/WebContent/WEB-INF/jsp/employees/editar.jsp" StructureKind="resource" NumEvents="45" CreationCount="1"/></InteractionHistory>