<?xml version="1.0" encoding="UTF-8" standalone="no"?><TaskList Version="2.0"><Task Active="false" ConnectorKind="github" CreationDate="2015-05-21 19:28:57.0 -0300" DueDate="" EndDate="" Estimated="0" Handle="https://github.com/tiagoferezin/faculdadeCodigos-2" IssueURL="https://github.com/tiagoferezin/faculdadeCodigos/issues/issue/2" Key="2" Kind="task" Label="Alterar o objeto do employees: novo.jsp" MarkReadPending="false" ModificationDate="2015-05-22 01:19:02.0 -0300" Notes="" NotifiedIncoming="false" Owner="tiagoferezin" Priority="P3" Reminded="false" RepositoryUrl="https://github.com/tiagoferezin/faculdadeCodigos" Stale="false" TaskId="2" offlineSyncState="INCOMING_NEW"/><Task Active="true" ConnectorKind="github" CreationDate="2015-05-21 19:26:08.0 -0300" DueDate="" EndDate="" Estimated="0" Handle="https://github.com/tiagoferezin/faculdadeCodigos-1" IssueURL="https://github.com/tiagoferezin/faculdadeCodigos/issues/issue/1" Key="1" Kind="task" Label="Alterar o objeto do employees: editar.jsp" MarkReadPending="true" ModificationDate="2015-05-21 19:34:32.0 -0300" Notes="" NotifiedIncoming="false" Owner="tiagoferezin" Priority="P3" Reminded="false" RepositoryUrl="https://github.com/tiagoferezin/faculdadeCodigos" Stale="false" TaskId="1" offlineSyncState="SYNCHRONIZED"/><TaskCategory Handle="Uncategorized" Name="Uncategorized"/><Query ConnectorKind="github" Handle="handle-2" LastRefreshTimeStamp="mai 22, 1:33:53" Name="Tarefas de Tiago Ferezin" QueryString="" RepositoryUrl="https://github.com/tiagoferezin/faculdadeCodigos"><Attribute Key="state">open::closed::</Attribute><Attribute Key="assignee">tiagoferezin</Attribute><QueryHit Handle="https://github.com/tiagoferezin/faculdadeCodigos-2"/><QueryHit Handle="https://github.com/tiagoferezin/faculdadeCodigos-1"/></Query></TaskList>